datum,preis
2019-07-29,71.8499984741211
2019-07-30,71.44000244140625
2019-07-31,71.55000305175781
2019-08-01,71.98999786376953
2019-08-02,69.63999938964844
2019-08-05,67.94999694824219
2019-08-06,67.5
2019-08-07,67.55999755859375
2019-08-08,69.01000213623047
2019-08-09,68.52999877929688
2019-08-12,68.11000061035156
2019-08-13,68.91000366210938
2019-08-14,67.86000061035156
2019-08-15,67.7300033569336
2019-08-16,68.69999694824219
2019-08-19,69.48999786376953
2019-08-20,69.30999755859375
2019-08-21,69.62999725341797
2019-08-22,69.33999633789062
2019-08-23,68.37000274658203
2019-08-26,68.45999908447266
2019-08-27,68.76000213623047
2019-08-28,68.87000274658203
2019-08-29,69.7699966430664
2019-08-30,70.23999786376953
2019-09-02,70.30999755859375
2019-09-03,70.12999725341797
2019-09-04,70.55000305175781
2019-09-05,71.37999725341797
2019-09-06,71.5
2019-09-09,71.5
2019-09-10,71.20999908447266
2019-09-11,72.19000244140625
2019-09-12,72.36000061035156
2019-09-13,72.41999816894531
2019-09-16,72.4800033569336
2019-09-17,72.13999938964844
2019-09-18,72.02999877929688
2019-09-19,72.62000274658203
2019-09-20,72.7300033569336
2019-09-23,72.37000274658203
2019-09-24,72.20999908447266
2019-09-25,72.08000183105469
2019-09-26,72.26000213623047
2019-09-27,72.44999694824219
2019-09-30,72.56999969482422
2019-10-01,71.91000366210938
2019-10-02,70.0999984741211
2019-10-04,71.08000183105469
2019-10-07,71.33999633789062
2019-10-08,70.51000213623047
2019-10-09,70.69999694824219
2019-10-10,71.2300033569336
2019-10-11,72.29000091552734
2019-10-14,71.88999938964844
2019-10-15,72.44000244140625
2019-10-16,72.20999908447266
2019-10-17,72.05000305175781
2019-10-18,71.7300033569336
2019-10-21,72.06999969482422
2019-10-22,72.27999877929688
2019-10-23,72.2699966430664
2019-10-24,72.69999694824219
2019-10-25,72.9800033569336
2019-10-28,73.23999786376953
2019-10-29,73.22000122070312
2019-10-30,73.0
2019-10-31,72.62999725341797
2019-11-01,73.30000305175781
2019-11-04,74.0
2019-11-05,74.44000244140625
2019-11-06,74.43000030517578
2019-11-07,75.0199966430664
2019-11-08,74.8499984741211
2019-11-11,74.6500015258789
2019-11-12,75.0999984741211
2019-11-13,74.83999633789062
2019-11-14,74.68000030517578
2019-11-15,75.06999969482422
2019-11-18,74.97000122070312
2019-11-19,74.94000244140625
2019-11-20,74.87999725341797
2019-11-21,74.5
2019-11-22,74.8499984741211
2019-11-25,75.62000274658203
2019-11-26,75.66000366210938
2019-11-27,76.0
2019-11-28,75.97000122070312
2019-11-29,75.61000061035156
2019-12-02,74.44999694824219
2019-12-03,73.87000274658203
2019-12-04,74.7300033569336
2019-12-05,74.52999877929688
2019-12-06,75.70999908447266
2019-12-09,75.44999694824219
2019-12-10,75.19999694824219
2019-12-11,75.2699966430664
2019-12-12,75.76000213623047
2019-12-13,75.86000061035156
2019-12-16,76.69000244140625
2019-12-17,76.51000213623047
2019-12-18,76.73999786376953
2019-12-19,76.86000061035156
2019-12-20,77.58000183105469
2019-12-23,77.47000122070312
2019-12-27,77.5
2019-12-30,77.27999877929688
2020-01-02,77.4000015258789
2020-01-03,77.3499984741211
2020-01-06,77.0999984741211
2020-01-07,77.58999633789062
2020-01-08,77.80000305175781
2020-01-09,78.4000015258789
2020-01-10,78.37999725341797
2020-01-13,78.3499984741211
2020-01-14,78.62000274658203
2020-01-15,78.58000183105469
2020-01-16,78.91000366210938
2020-01-17,79.54000091552734
2020-01-20,79.62000274658203
2020-01-21,79.37000274658203
2020-01-22,79.52999877929688
2020-01-23,79.19000244140625
2020-01-24,79.54000091552734
2020-01-27,77.69000244140625
2020-01-28,78.51000213623047
2020-01-29,78.77999877929688
2020-01-30,77.80000305175781
2020-01-31,76.79000091552734
2020-02-03,77.2699966430664
2020-02-04,78.86000061035156
2020-02-05,79.52999877929688
2020-02-06,80.0999984741211
2020-02-07,79.94999694824219
2020-02-10,80.19000244140625
2020-02-11,80.88999938964844
2020-02-12,81.37000274658203
2020-02-13,81.61000061035156
2020-02-14,81.5199966430664
2020-02-17,81.83000183105469
2020-02-18,81.30000305175781
2020-02-19,82.11000061035156
2020-02-20,81.12000274658203
2020-02-21,80.5999984741211
2020-02-24,77.94000244140625
2020-02-25,76.7300033569336
2020-02-26,76.5
2020-02-27,73.37000274658203
2020-02-28,70.44000244140625
2020-03-02,71.37999725341797
2020-03-03,72.01000213623047
2020-03-04,72.63999938964844
2020-03-05,72.12000274658203
2020-03-06,68.98999786376953
2020-03-09,64.26000213623047
2020-03-10,64.33000183105469
2020-03-11,64.63999938964844
2020-03-12,58.560001373291016
2020-03-13,59.709999084472656
2020-03-16,57.83000183105469
2020-03-17,58.790000915527344
2020-03-18,56.18000030517578
2020-03-19,57.84999847412109
2020-03-20,58.119998931884766
2020-03-23,54.65999984741211
2020-03-24,59.2599983215332
2020-03-25,60.880001068115234
2020-03-26,62.02999877929688
2020-03-27,60.33000183105469
2020-03-30,61.470001220703125
2020-03-31,62.4900016784668
2020-04-01,60.02999877929688
2020-04-02,60.650001525878906
2020-04-03,60.310001373291016
2020-04-06,62.91999816894531
2020-04-07,64.80999755859375
2020-04-08,64.76000213623047
2020-04-09,65.80000305175781
2020-04-14,66.33000183105469
2020-04-15,65.19999694824219
2020-04-16,66.0
2020-04-17,66.9000015258789
2020-04-20,67.52999877929688
2020-04-21,64.69000244140625
2020-04-22,66.26000213623047
2020-04-23,67.16999816894531
2020-04-24,66.47000122070312
2020-04-27,67.94999694824219
2020-04-28,68.44999694824219
2020-04-29,69.58000183105469
2020-04-30,68.37999725341797
2020-05-04,66.27999877929688
2020-05-05,68.22000122070312
2020-05-06,67.94999694824219
2020-05-07,68.68000030517578
2020-05-08,69.0999984741211
2020-05-11,69.25
2020-05-12,69.22000122070312
2020-05-13,67.66000366210938
2020-05-14,67.0199966430664
2020-05-15,67.26000213623047
2020-05-18,69.70999908447266
2020-05-19,69.44999694824219
2020-05-20,69.7300033569336
2020-05-21,69.11000061035156
2020-05-22,69.08999633789062
2020-05-25,70.36000061035156
2020-05-26,70.47000122070312
2020-05-27,70.2699966430664
2020-05-28,71.11000061035156
2020-05-29,69.83999633789062
2020-06-02,71.31999969482422
2020-06-03,72.52999877929688
2020-06-04,71.77999877929688
2020-06-05,73.83000183105469
2020-06-08,73.81999969482422
2020-06-09,73.31999969482422
2020-06-10,73.0999984741211
2020-06-11,70.45999908447266
2020-06-12,70.6500015258789
2020-06-15,69.95999908447266
2020-06-16,72.16000366210938
2020-06-17,72.62999725341797
2020-06-18,72.33999633789062
2020-06-19,72.94000244140625
2020-06-22,72.05000305175781
2020-06-23,72.7300033569336
2020-06-24,71.02999877929688
2020-06-25,71.26000213623047
2020-06-26,70.94999694824219
2020-06-29,71.04000091552734
2020-06-30,71.5199966430664
2020-07-01,71.87000274658203
2020-07-02,73.11000061035156
2020-07-03,72.7699966430664
2020-07-06,73.80999755859375
2020-07-07,73.69000244140625
2020-07-08,73.05000305175781
2020-07-09,72.8499984741211
2020-07-10,73.38999938964844
2020-07-13,74.45999908447266
2020-07-14,73.0
2020-07-15,74.05000305175781
2020-07-16,73.44999694824219
2020-07-17,73.72000122070312
2020-07-20,74.12999725341797
2020-07-21,74.6500015258789
2020-07-22,73.80000305175781
2020-07-23,73.87000274658203
2020-07-24,72.52999877929688
2020-07-27,72.0999984741211
2020-07-28,72.62999725341797
2020-07-29,72.5
2020-07-30,71.76000213623047
2020-07-31,71.37000274658203
2020-08-03,72.95999908447266
2020-08-04,73.01000213623047
2020-08-05,73.02999877929688
2020-08-06,73.01000213623047
2020-08-07,73.5199966430664
2020-08-10,73.70999908447266
2020-08-11,74.41999816894531
2020-08-12,74.69999694824219
2020-08-13,74.44999694824219
2020-08-14,74.16999816894531
2020-08-17,74.30999755859375
2020-08-18,73.98999786376953
2020-08-19,74.37999725341797
2020-08-20,73.95999908447266
2020-08-21,74.4800033569336
2020-08-24,75.19999694824219
2020-08-25,75.30999755859375
2020-08-26,75.88999938964844
2020-08-27,76.29000091552734
2020-08-28,75.80999755859375
2020-08-31,75.33000183105469
2020-09-01,75.62000274658203
2020-09-02,76.80999755859375
2020-09-03,75.37999725341797
2020-09-04,74.06999969482422
2020-09-07,75.06999969482422
2020-09-08,73.83999633789062
2020-09-09,74.66999816894531
2020-09-10,74.33000183105469
2020-09-11,73.94000244140625
2020-09-14,74.54000091552734
2020-09-15,75.22000122070312
2020-09-16,75.47000122070312
2020-09-17,74.52999877929688
2020-09-18,73.95999908447266
2020-09-21,72.4000015258789
2020-09-22,73.16999816894531
2020-09-23,73.70999908447266
2020-09-24,72.83000183105469
2020-09-25,73.18000030517578
2020-09-28,74.69999694824219
2020-09-29,74.08000183105469
2020-09-30,74.62000274658203
2020-10-01,74.79000091552734
2020-10-02,74.56999969482422
2020-10-05,74.9800033569336
2020-10-06,75.2300033569336
2020-10-07,75.44000244140625
2020-10-08,76.01000213623047
2020-10-09,76.30999755859375
2020-10-12,77.30000305175781
2020-10-13,77.47000122070312
2020-10-14,77.25
2020-10-15,76.41000366210938
2020-10-16,77.05000305175781
2020-10-19,76.45999908447266
2020-10-20,75.70999908447266
2020-10-21,75.44000244140625
2020-10-22,75.44000244140625
2020-10-23,75.66000366210938
2020-10-26,74.5999984741211
2020-10-27,74.5999984741211
2020-10-28,73.08000183105469
2020-10-29,73.5999984741211
2020-10-30,73.18000030517578
2020-11-02,74.05000305175781
2020-11-03,75.13999938964844
2020-11-04,76.9000015258789
2020-11-05,77.4000015258789
2020-11-06,76.9800033569336
2020-11-09,79.5999984741211
2020-11-10,78.5
2020-11-11,79.51000213623047
2020-11-12,78.95999908447266
2020-11-13,78.91999816894531
2020-11-16,80.12999725341797
2020-11-17,79.8499984741211
2020-11-18,80.06999969482422
2020-11-19,79.37999725341797
2020-11-20,79.73999786376953
2020-11-23,79.75
2020-11-24,80.77999877929688
2020-11-25,80.51000213623047
2020-11-26,80.6500015258789
2020-11-27,80.70999908447266
2020-11-30,79.70999908447266
2020-12-01,80.44999694824219
2020-12-02,80.08000183105469
2020-12-03,80.19999694824219
2020-12-04,80.68000030517578
2020-12-07,80.66000366210938
2020-12-08,80.83999633789062
2020-12-09,81.02999877929688
2020-12-10,80.61000061035156
2020-12-11,80.0999984741211
2020-12-14,80.4800033569336
2020-12-15,80.4000015258789
2020-12-16,80.93000030517578
2020-12-17,80.9000015258789
2020-12-18,80.76000213623047
2020-12-21,79.83000183105469
2020-12-22,80.4000015258789
2020-12-23,80.8499984741211
2020-12-28,81.27999877929688
2020-12-29,81.4000015258789
2020-12-30,81.41999816894531
2021-01-04,81.01000213623047
2021-01-05,81.30999755859375
2021-01-06,82.3499984741211
2021-01-07,82.91999816894531
2021-01-08,83.66999816894531
2021-01-11,83.93000030517578
2021-01-12,83.97000122070312
2021-01-13,84.13999938964844
2021-01-14,84.68000030517578
2021-01-15,84.01000213623047
2021-01-18,84.16000366210938
2021-01-19,84.18000030517578
2021-01-20,85.30000305175781
2021-01-21,85.27999877929688
2021-01-22,84.62000274658203
2021-01-25,84.6500015258789
2021-01-26,84.88999938964844
2021-01-27,83.9000015258789
2021-01-28,83.93000030517578
2021-01-29,82.2300033569336
2021-02-01,83.38999938964844
2021-02-02,85.22000122070312
2021-02-03,85.33999633789062
2021-02-04,86.04000091552734
2021-02-05,86.36000061035156
2021-02-08,86.62999725341797
2021-02-09,86.63999938964844
2021-02-10,86.43000030517578
2021-02-11,86.91000366210938
2021-02-12,87.16000366210938
2021-02-15,87.91000366210938
2021-02-16,87.68000030517578
2021-02-17,87.36000061035156
2021-02-18,86.76000213623047
2021-02-19,87.19999694824219
2021-02-22,86.13999938964844
2021-02-23,85.5199966430664
2021-02-24,86.13999938964844
2021-02-25,85.33000183105469
2021-02-26,84.62000274658203
2021-03-01,86.3499984741211
2021-03-02,85.80000305175781
2021-03-03,85.75
2021-03-04,85.16999816894531
2021-03-05,84.30000305175781
2021-03-08,86.52999877929688
2021-03-09,87.0
2021-03-10,87.12999725341797
2021-03-11,87.87999725341797
2021-03-12,87.4000015258789
2021-03-15,87.80000305175781
2021-03-16,88.66000366210938
2021-03-17,88.05000305175781
2021-03-18,88.30000305175781
2021-03-19,87.80999755859375
2021-03-22,87.93000030517578
2021-03-23,88.01000213623047
2021-03-24,87.79000091552734
2021-03-25,87.58000183105469
2021-03-26,88.31999969482422
2021-03-29,88.69000244140625
2021-03-30,89.19000244140625
2021-03-31,89.4800033569336
2021-04-01,90.0
2021-04-06,90.5999984741211
2021-04-07,89.97000122070312
2021-04-08,90.44000244140624
2021-04-09,90.58000183105467
2021-04-12,90.41999816894533
2021-04-13,90.61000061035156
2021-04-14,90.7699966430664
2021-04-15,91.2300033569336
2021-04-16,91.45999908447266
2021-04-19,90.86000061035156
2021-04-20,89.6500015258789
2021-04-21,90.30999755859376
2021-04-22,91.0199966430664
2021-04-23,90.75
2021-04-26,90.9499969482422
2021-04-27,90.86000061035156
2021-04-28,90.88999938964844
2021-04-29,90.66999816894533
2021-04-30,90.79000091552734
2021-05-03,90.91999816894533
2021-05-04,89.9000015258789
2021-05-05,91.06999969482422
2021-05-06,90.62999725341795
2021-05-07,91.27999877929688
2021-05-10,91.01000213623048
2021-05-11,89.33999633789062
2021-05-12,88.87000274658203
2021-05-13,88.9800033569336
2021-05-14,89.80000305175781
2021-05-17,89.44999694824219
2021-05-18,89.62999725341797
2021-05-19,88.12000274658203
2021-05-20,89.61000061035156
2021-05-21,89.95999908447266
2021-05-25,90.13999938964844
2021-05-26,90.47000122070312
2021-05-27,90.79000091552734
2021-05-28,91.16999816894533
2021-05-31,90.68000030517578
2021-06-01,91.0199966430664
2021-06-02,91.37000274658205
2021-06-03,91.5
2021-06-04,91.77999877929688
2021-06-07,91.58999633789062
2021-06-08,91.6500015258789
2021-06-09,91.7699966430664
2021-06-10,92.08999633789062
2021-06-11,92.62999725341795
2021-06-14,92.56999969482422
2021-06-15,92.52999877929688
2021-06-16,92.76000213623048
2021-06-17,93.5999984741211
2021-06-18,92.83999633789062
2021-06-21,93.1500015258789
2021-06-22,93.5500030517578
2021-06-23,93.3499984741211
2021-06-24,93.98999786376952
2021-06-25,94.22000122070312
2021-06-28,94.16999816894533
2021-06-29,94.55999755859376
2021-06-30,94.6500015258789
2021-07-01,94.77999877929688
2021-07-02,95.22000122070312
2021-07-05,95.38999938964844
2021-07-06,95.0999984741211
2021-07-07,95.6500015258789
2021-07-08,94.18000030517578
2021-07-09,95.29000091552734
2021-07-12,95.56999969482422
2021-07-13,96.13999938964844
2021-07-14,95.83999633789062
2021-07-15,95.6500015258789
2021-07-16,95.26000213623048
2021-07-19,93.41000366210938
2021-07-20,94.58999633789062
2021-07-21,95.16000366210938
2021-07-22,95.66999816894533
2021-07-23,96.41999816894533
2021-07-26,96.01000213623048
2021-07-27,94.8499984741211
2021-07-28,95.77999877929688
2021-07-29,95.87000274658205
2021-07-30,95.36000061035156
2021-08-02,95.79000091552734
2021-08-03,95.62000274658205
2021-08-04,96.06999969482422
2021-08-05,96.62000274658205
2021-08-06,96.91000366210938
2021-08-09,97.12000274658205
2021-08-10,97.43000030517578
2021-08-11,97.47000122070312
2021-08-12,97.55999755859376
2021-08-13,97.37999725341795
2021-08-16,97.0
2021-08-17,97.16999816894533
2021-08-18,97.1999969482422
2021-08-19,96.0199966430664
2021-08-20,96.58000183105467
2021-08-23,97.27999877929688
2021-08-24,97.66999816894533
2021-08-25,97.73999786376952
2021-08-26,97.3000030517578
2021-08-27,97.70999908447266
2021-08-30,98.0999984741211
2021-08-31,98.1500015258789
2021-09-01,98.19000244140624
2021-09-02,98.3499984741211
2021-09-03,98.20999908447266
2021-09-06,98.87000274658205
2021-09-07,98.41999816894533
2021-09-08,98.01000213623048
2021-09-09,98.12000274658205
2021-09-10,97.72000122070312
2021-09-13,97.61000061035156
2021-09-14,97.44000244140624
2021-09-15,97.12999725341795
2021-09-16,97.4800033569336
2021-09-17,97.16999816894533
2021-09-20,95.41000366210938
2021-09-21,96.16999816894533
2021-09-22,96.76000213623048
2021-09-23,97.54000091552734
2021-09-24,97.23999786376952
2021-09-27,97.4800033569336
2021-09-28,95.7300033569336
2021-09-29,96.37000274658205
2021-09-30,96.38999938964844
2021-10-01,95.75
2021-10-04,94.5500030517578
2021-10-05,96.20999908447266
2021-10-06,95.4499969482422
2021-10-07,97.58999633789062
2021-10-08,97.19000244140624
2021-10-11,97.45999908447266
2021-10-12,96.83999633789062
2021-10-13,96.5999984741211
2021-10-14,98.05999755859376
2021-10-15,98.86000061035156
2021-10-18,98.83000183105467
2021-10-19,99.3499984741211
2021-10-20,99.66999816894533
2021-10-21,99.37000274658205
2021-10-22,99.54000091552734
2021-10-25,100.18000030517578
2021-10-26,100.8000030517578
2021-10-27,100.27999877929688
2021-10-28,99.93000030517578
2021-10-29,100.6999969482422
2021-11-01,101.0199966430664
2021-11-02,101.22000122070312
2021-11-03,101.16000366210938
2021-11-04,102.16000366210938
2021-11-05,102.5999984741211
2021-11-08,102.45999908447266
2021-11-09,102.08000183105467
2021-11-10,102.54000091552734
2021-11-11,102.8000030517578
2021-11-12,103.41999816894533
2021-11-15,103.83999633789062
2021-11-16,104.77999877929688
2021-11-17,104.63999938964844
2021-11-18,104.08000183105467
2021-11-19,104.4800033569336
2021-11-22,104.94000244140624
2021-11-23,103.58000183105467
2021-11-24,104.4800033569336
2021-11-25,104.77999877929688
2021-11-26,101.0
2021-11-29,102.23999786376952
2021-11-30,100.94000244140624
2021-12-01,102.1999969482422
2021-12-02,100.63999938964844
2021-12-03,100.18000030517578
2021-12-06,101.31999969482422
2021-12-07,103.94000244140624
2021-12-08,103.18000030517578
2021-12-09,103.44000244140624
2021-12-10,102.91999816894533
2021-12-13,102.66000366210938
2021-12-14,101.76000213623048
2021-12-15,101.72000122070312
2021-12-16,103.12000274658205
2021-12-17,102.36000061035156
2021-12-20,100.05999755859376
2021-12-21,101.86000061035156
2021-12-22,102.72000122070312
2021-12-23,103.81999969482422
2021-12-27,104.4000015258789
2021-12-28,104.94000244140624
2021-12-29,104.31999969482422
2021-12-30,104.72000122070312
2022-01-03,104.8000030517578
2022-01-04,105.27999877929688
2022-01-05,104.87999725341795
2022-01-06,103.4000015258789
2022-01-07,102.77999877929688
2022-01-10,101.62000274658205
2022-01-11,103.0
2022-01-12,103.4800033569336
2022-01-13,103.12000274658205
2022-01-14,101.87999725341795
2022-01-17,102.5999984741211
2022-01-18,101.54000091552734
2022-01-19,101.18000030517578
2022-01-20,102.13999938964844
2022-01-21,99.81999969482422
2022-01-24,95.91999816894533
2022-01-25,96.87999725341795
2022-01-26,98.66000366210938
2022-01-27,99.31999969482422
2022-01-28,98.20999908447266
2022-01-31,99.94000244140624
2022-02-01,100.73999786376952
2022-02-02,100.87999725341795
2022-02-03,99.1999969482422
2022-02-04,98.20999908447266
2022-02-07,98.72000122070312
2022-02-08,99.18000030517578
2022-02-09,100.5999984741211
2022-02-10,100.0999984741211
2022-02-11,99.5
2022-02-14,98.51000213623048
2022-02-15,99.37999725341795
2022-02-16,99.0500030517578
2022-02-17,98.62999725341795
2022-02-18,97.52999877929688
2022-02-21,96.48999786376952
2022-02-22,96.52999877929688
2022-02-23,96.08999633789062
2022-02-24,94.62999725341795
2022-02-25,97.5
2022-02-28,97.88999938964844
2022-03-01,97.27999877929688
2022-03-02,98.1999969482422
2022-03-03,97.91000366210938
2022-03-04,96.88999938964844
2022-03-07,96.3499984741211
2022-03-08,94.47000122070312
2022-03-09,95.80999755859376
2022-03-10,94.93000030517578
2022-03-11,95.87999725341795
2022-03-14,94.66000366210938
2022-03-15,95.5199966430664
2022-03-16,97.70999908447266
2022-03-17,97.97000122070312
2022-03-18,99.55999755859376
2022-03-21,99.83999633789062
2022-03-22,101.18000030517578
2022-03-23,100.87999725341795
2022-03-24,100.87999725341795
2022-03-25,101.27999877929688
2022-03-28,101.5199966430664
2022-03-29,102.27999877929688
2022-03-30,101.9000015258789
2022-03-31,101.73999786376952
2022-04-01,101.45999908447266
2022-04-04,102.8000030517578
2022-04-05,102.95999908447266
2022-04-06,101.0999984741211
2022-04-07,100.91999816894533
2022-04-08,102.0
2022-04-11,100.63999938964844
2022-04-12,101.08000183105467
2022-04-13,100.77999877929688
2022-04-14,101.27999877929688
2022-04-19,101.23999786376952
2022-04-20,101.33999633789062
2022-04-21,101.23999786376952
2022-04-22,99.13999938964844
2022-04-25,97.52999877929688
2022-04-26,97.27999877929688
2022-04-27,98.3499984741211
2022-04-28,98.87999725341795
2022-04-29,99.41999816894533
2022-05-02,97.3499984741211
2022-05-03,98.5999984741211
2022-05-04,97.37999725341795
2022-05-05,97.55999755859376
2022-05-06,96.06999969482422
2022-05-09,93.68000030517578
2022-05-10,93.36000061035156
2022-05-11,94.25
2022-05-12,93.5
2022-05-13,95.76000213623048
2022-05-16,95.25
2022-05-17,95.87000274658205
2022-05-18,94.5199966430664
2022-05-19,92.9499969482422
2022-05-20,92.8000030517578
2022-05-23,93.77999877929688
2022-05-24,91.51000213623048
2022-05-25,93.08000183105467
2022-05-26,94.4800033569336
2022-05-27,96.3000030517578
2022-05-30,96.93000030517578
2022-05-31,96.16999816894533
2022-06-01,96.0
2022-06-02,96.22000122070312
2022-06-03,95.86000061035156
2022-06-06,96.7699966430664
2022-06-07,96.37000274658205
2022-06-08,96.62000274658205
2022-06-09,95.79000091552734
2022-06-10,93.11000061035156
2022-06-13,90.9499969482422
2022-06-14,90.45999908447266
2022-06-15,91.18000030517578
2022-06-16,88.30999755859375
2022-06-17,88.51000213623047
2022-06-20,88.94999694824219
2022-06-21,89.94999694824219
2022-06-22,89.61000061035156
2022-06-23,89.66000366210938
2022-06-24,91.83999633789062
2022-06-27,92.11000061035156
2022-06-28,92.11000061035156
2022-06-29,91.47000122070312
2022-06-30,90.4499969482422
2022-07-01,90.97000122070312
2022-07-04,91.33000183105467
2022-07-05,91.0500030517578
2022-07-06,92.87000274658205
2022-07-07,94.81999969482422
2022-07-08,95.1999969482422
2022-07-11,94.6500015258789
2022-07-12,94.76000213623048
2022-07-13,93.43000030517578
2022-07-14,92.58999633789062
2022-07-15,94.12999725341795
2022-07-18,94.63999938964844
2022-07-19,94.62000274658205
2022-07-20,95.8499984741211
2022-07-21,96.05999755859376
2022-07-22,95.93000030517578
2022-07-25,95.97000122070312
2022-07-26,95.86000061035156
2022-07-27,96.77999877929688
2022-07-28,97.97000122070312
2022-07-29,98.69000244140624
2022-08-01,98.77999877929688
2022-08-02,98.87999725341795
2022-08-03,99.81999969482422
2022-08-04,99.41999816894533
2022-08-05,99.36000061035156
2022-08-08,100.0199966430664
2022-08-09,98.98999786376952
2022-08-10,99.75
2022-08-11,100.45999908447266
2022-08-12,101.3000030517578
2022-08-15,102.36000061035156
2022-08-16,102.9000015258789
2022-08-17,102.0199966430664
2022-08-18,102.8000030517578
2022-08-19,102.12000274658205
2022-08-22,101.68000030517578
2022-08-23,101.0199966430664
2022-08-24,101.4000015258789
2022-08-25,101.91999816894533
2022-08-26,100.5199966430664
2022-08-29,98.94000244140624
2022-08-30,97.7699966430664
2022-08-31,97.2300033569336
2022-09-01,96.56999969482422
2022-09-02,97.77999877929688
2022-09-05,97.19000244140624
2022-09-06,96.91000366210938
2022-09-07,96.56999969482422
2022-09-08,97.81999969482422
2022-09-09,98.5500030517578
2022-09-12,99.13999938964844
2022-09-13,97.5
2022-09-14,96.83999633789062
2022-09-15,96.20999908447266
2022-09-16,94.48999786376952
2022-09-19,94.66999816894533
2022-09-20,94.6500015258789
2022-09-21,95.7300033569336
2022-09-22,93.79000091552734
2022-09-23,92.7699966430664
2022-09-26,93.08000183105467
2022-09-27,92.86000061035156
2022-09-28,93.12999725341795
2022-09-29,90.80999755859376
2022-09-30,91.33000183105467
2022-10-03,91.29000091552734
2022-10-04,93.26000213623048
2022-10-05,93.06999969482422
2022-10-06,93.72000122070312
2022-10-07,92.02999877929688
2022-10-10,91.47000122070312
2022-10-11,90.86000061035156
2022-10-12,90.5
2022-10-13,90.66000366210938
2022-10-14,90.69000244140624
2022-10-17,91.69000244140624
2022-10-18,91.72000122070312
2022-10-19,91.9000015258789
2022-10-20,92.26000213623048
2022-10-21,91.87999725341795
2022-10-24,92.36000061035156
2022-10-25,93.23999786376952
2022-10-26,93.44000244140624
2022-10-27,93.26000213623048
2022-10-28,93.75
2022-10-31,94.54000091552734
2022-11-01,94.77999877929688
2022-11-02,94.2699966430664
2022-11-03,93.4800033569336
2022-11-04,92.87999725341795
2022-11-07,93.31999969482422
2022-11-08,94.18000030517578
2022-11-09,93.0999984741211
2022-11-10,95.23999786376952
2022-11-11,94.9800033569336
2022-11-14,95.30999755859376
2022-11-15,96.0
2022-11-16,94.5999984741211
2022-11-17,94.20999908447266
2022-11-18,94.83000183105467
2022-11-21,95.05999755859376
2022-11-22,95.61000061035156
2022-11-23,95.94000244140624
2022-11-24,96.16999816894533
2022-11-25,95.95999908447266
2022-11-28,95.37999725341795
2022-11-29,95.06999969482422
2022-11-30,95.87000274658205
2022-12-01,96.56999969482422
2022-12-02,96.18000030517578
2022-12-05,95.37000274658205
2022-12-06,94.26000213623048
2022-12-07,93.6999969482422
2022-12-08,93.9000015258789
2022-12-09,94.4000015258789
2022-12-12,93.8499984741211
2022-12-13,95.0999984741211
2022-12-14,94.88999938964844
2022-12-15,91.8000030517578
2022-12-16,91.25
2022-12-19,90.9000015258789
2022-12-20,90.5999984741211
2022-12-21,92.0999984741211
2022-12-22,90.83999633789062
2022-12-23,91.01000213623048
2022-12-27,91.08000183105467
2022-12-28,90.55999755859376
2022-12-29,91.2699966430664
2022-12-30,90.61000061035156
2023-01-02,92.2699966430664
2023-01-03,91.6500015258789
2023-01-04,92.52999877929688
2023-01-05,92.16000366210938
2023-01-06,92.95999908447266
2023-01-09,93.58000183105467
2023-01-10,92.61000061035156
2023-01-11,93.38999938964844
2023-01-12,93.66000366210938
2023-01-13,94.0
2023-01-16,94.33999633789062
2023-01-17,94.62999725341795
2023-01-18,94.06999969482422
2023-01-19,92.93000030517578
2023-01-20,93.61000061035156
2023-01-23,94.93000030517578
2023-01-24,94.70999908447266
2023-01-25,94.02999877929688
2023-01-26,95.16999816894533
2023-01-27,95.8499984741211
2023-01-30,95.31999969482422
2023-01-31,95.13999938964844
2023-02-01,95.08999633789062
2023-02-02,97.12999725341795
2023-02-03,97.5
2023-02-06,96.94000244140624
2023-02-07,97.1500015258789
2023-02-08,97.0199966430664
2023-02-09,97.22000122070312
2023-02-10,96.7699966430664
2023-02-13,97.33999633789062
2023-02-14,96.95999908447266
2023-02-15,97.5999984741211
2023-02-16,97.5500030517578
2023-02-17,96.41999816894533
2023-02-20,96.6500015258789
2023-02-21,95.68000030517578
2023-02-22,95.5999984741211
2023-02-23,95.62000274658205
2023-02-24,94.93000030517578
2023-02-27,95.5199966430664
2023-02-28,95.12000274658205
2023-03-01,94.38999938964844
2023-03-02,94.83999633789062
2023-03-03,96.33000183105467
2023-03-06,96.62000274658205
2023-03-07,96.06999969482422
2023-03-08,95.93000030517578
2023-03-09,95.77999877929688
2023-03-10,93.86000061035156
2023-03-13,91.83000183105467
2023-03-14,92.98999786376952
2023-03-15,92.1500015258789
2023-03-16,93.38999938964844
2023-03-17,92.6500015258789
2023-03-20,92.6500015258789
2023-03-21,93.33000183105467
2023-03-22,93.5199966430664
2023-03-23,92.98999786376952
2023-03-24,92.75
2023-03-27,93.36000061035156
2023-03-28,93.04000091552734
2023-03-29,93.91999816894533
2023-03-30,94.36000061035156
2023-03-31,95.33999633789062
2023-04-03,95.51000213623048
2023-04-04,95.01000213623048
2023-04-05,94.77999877929688
2023-04-06,94.87999725341795
2023-04-11,95.48999786376952
2023-04-12,95.05999755859376
2023-04-13,94.97000122070312
2023-04-14,95.48999786376952
2023-04-17,96.04000091552734
2023-04-18,96.19000244140624
2023-04-19,95.94000244140624
2023-04-20,95.6999969482422
2023-04-21,95.4499969482422
2023-04-24,95.06999969482422
2023-04-25,94.8499984741211
2023-04-26,93.97000122070312
2023-04-27,94.55999755859376
2023-04-28,95.33000183105467
2023-05-02,94.43000030517578
2023-05-03,94.51000213623048
2023-05-04,94.02999877929688
2023-05-05,95.25
2023-05-08,95.52999877929688
2023-05-09,95.83999633789062
2023-05-10,95.6999969482422
2023-05-11,95.93000030517578
2023-05-12,96.20999908447266
2023-05-15,96.5999984741211
2023-05-16,96.41999816894533
2023-05-17,96.68000030517578
2023-05-18,97.88999938964844
2023-05-19,97.8499984741211
2023-05-22,98.3000030517578
2023-05-23,98.0199966430664
2023-05-24,96.58999633789062
2023-05-25,96.91999816894533
2023-05-26,98.37000274658205
2023-05-29,98.58000183105467
2023-05-30,98.04000091552734
2023-05-31,97.5
2023-06-01,98.08000183105467
2023-06-02,99.8499984741211
2023-06-05,100.08000183105467
2023-06-06,100.4000015258789
2023-06-07,100.18000030517578
2023-06-08,99.68000030517578
2023-06-09,100.23999786376952
2023-06-12,100.44000244140624
2023-06-13,101.37999725341795
2023-06-14,101.36000061035156
2023-06-15,101.0199966430664
2023-06-16,101.4000015258789
2023-06-19,100.81999969482422
2023-06-20,100.26000213623048
2023-06-21,99.70999908447266
2023-06-22,99.4499969482422
2023-06-23,99.25
2023-06-26,99.05999755859376
2023-06-27,99.0199966430664
2023-06-28,99.81999969482422
2023-06-29,100.16000366210938
2023-06-30,100.9800033569336
2023-07-03,101.3000030517578
2023-07-04,101.45999908447266
2023-07-05,101.31999969482422
2023-07-06,99.61000061035156
2023-07-07,99.6500015258789
2023-07-10,99.27999877929688
2023-07-11,99.6999969482422
2023-07-12,100.26000213623048
2023-07-13,100.31999969482422
2023-07-14,100.23999786376952
2023-07-17,100.12000274658205
2023-07-18,100.55999755859376
2023-07-19,101.31999969482422
2023-07-20,101.33999633789062
2023-07-21,101.54000091552734
2023-07-24,102.05999755859376
2023-07-25,102.68000030517578
2023-07-26,102.26000213623048
2023-07-27,103.68000030517578
2023-07-28,103.5199966430664
2023-07-31,103.58000183105467
2023-08-01,103.45999908447266
2023-08-02,102.27999877929688
2023-08-03,101.83999633789062
2023-08-04,101.6999969482422
2023-08-07,101.4800033569336
2023-08-08,101.13999938964844
2023-08-09,101.08000183105467
2023-08-10,101.58000183105467
2023-08-11,100.83999633789062
2023-08-14,101.33999633789062
2023-08-15,100.62000274658205
2023-08-16,100.45999908447266
2023-08-17,99.87000274658205
2023-08-18,99.08999633789062
2023-08-21,99.12000274658205
2023-08-22,100.0
2023-08-23,100.6999969482422
2023-08-24,100.37999725341795
2023-08-25,100.44000244140624
2023-08-28,101.22000122070312
2023-08-29,102.05999755859376
2023-08-30,101.91999816894533
2023-08-31,102.5999984741211
2023-09-01,103.13999938964844
2023-09-04,103.23999786376952
2023-09-05,103.58000183105467
2023-09-06,102.73999786376952
2023-09-07,102.54000091552734
2023-09-08,102.72000122070312
2023-09-11,102.76000213623048
2023-09-12,102.87999725341795
2023-09-13,102.83999633789062
2023-09-14,104.13999938964844
2023-09-15,103.62000274658205
2023-09-18,103.1999969482422
2023-09-19,102.6999969482422
2023-09-20,103.0199966430664
2023-09-21,101.37999725341795
2023-09-22,101.4800033569336
2023-09-25,101.4000015258789
2023-09-26,100.54000091552734
2023-09-27,100.8000030517578
2023-09-28,100.94000244140624
2023-09-29,101.0999984741211
2023-10-02,101.04000091552734
2023-10-03,99.8499984741211
2023-10-04,99.45999908447266
2023-10-05,99.43000030517578
2023-10-06,100.08000183105467
2023-10-09,100.58000183105467
2023-10-10,101.94000244140624
2023-10-11,101.58000183105467
2023-10-12,102.3000030517578
2023-10-13,101.73999786376952
2023-10-16,102.18000030517578
2023-10-17,101.91999816894533
2023-10-18,101.26000213623048
2023-10-19,100.18000030517578
2023-10-20,98.4499969482422
2023-10-23,98.12000274658205
2023-10-24,98.72000122070312
2023-10-25,98.22000122070312
2023-10-26,97.55999755859376
2023-10-27,96.83000183105467
2023-10-30,96.83000183105467
2023-10-31,97.58000183105467
2023-11-01,98.73999786376952
2023-11-02,100.18000030517578
2023-11-03,100.68000030517578
2023-11-06,100.54000091552734
2023-11-07,101.12000274658205
2023-11-08,100.68000030517578
2023-11-09,101.0999984741211
2023-11-10,100.86000061035156
2023-11-13,101.4800033569336
2023-11-14,102.16000366210938
2023-11-15,102.5999984741211
2023-11-16,101.91999816894533
2023-11-17,102.27999877929688
2023-11-20,102.36000061035156
2023-11-21,102.37999725341795
2023-11-22,103.22000122070312
2023-11-23,103.16000366210938
2023-11-24,102.94000244140624
2023-11-27,102.73999786376952
2023-11-28,102.58000183105467
2023-11-29,102.72000122070312
2023-11-30,103.13999938964844
2023-12-01,104.12000274658205
2023-12-04,104.12000274658205
2023-12-05,104.12000274658205
2023-12-06,104.12000274658205
2023-12-07,104.73999786376952
2023-12-08,105.36000061035156
2023-12-11,105.68000030517578
2023-12-12,105.63999938964844
2023-12-13,105.94000244140624
2023-12-14,106.0
2023-12-15,106.77999877929688
2023-12-18,106.63999938964844
2023-12-19,106.8000030517578
2023-12-20,107.0999984741211
2023-12-21,106.36000061035156
2023-12-22,106.68000030517578
2023-12-27,106.36000061035156
2023-12-28,106.94000244140624
2023-12-29,107.08000183105467
2024-01-02,107.04000091552734
2024-01-03,106.62000274658205
2024-01-04,106.5999984741211
2024-01-05,106.41999816894533
2024-01-08,106.55999755859376
2024-01-09,107.13999938964844
2024-01-10,107.08000183105467
2024-01-11,106.73999786376952
2024-01-12,107.54000091552734
2024-01-15,107.58000183105467
2024-01-16,107.72000122070312
2024-01-17,106.76000213623048
2024-01-18,107.3000030517578
2024-01-19,107.63999938964844
2024-01-22,108.63999938964844
2024-01-23,108.9000015258789
2024-01-24,109.54000091552734
2024-01-25,110.04000091552734
2024-01-26,110.12000274658205
2024-01-29,110.5999984741211
2024-01-30,110.68000030517578
2024-01-31,110.13999938964844
2024-02-01,109.76000213623048
2024-02-02,111.33999633789062
2024-02-05,111.55999755859376
2024-02-06,112.08000183105467
2024-02-07,112.4800033569336
2024-02-08,112.45999908447266
2024-02-09,112.58000183105467
2024-02-12,113.62000274658205
2024-02-13,112.44000244140624
2024-02-14,112.72000122070312
2024-02-15,113.16000366210938
2024-02-16,113.6999969482422
2024-02-19,113.5199966430664
2024-02-20,112.4800033569336
2024-02-21,112.41999816894533
2024-02-22,114.22000122070312
2024-02-23,114.54000091552734
2024-02-26,114.13999938964844
2024-02-27,114.0
2024-02-28,113.91999816894533
2024-02-29,114.22000122070312
2024-03-01,115.04000091552734
2024-03-04,114.94000244140624
2024-03-05,114.13999938964844
2024-03-06,114.63999938964844
2024-03-07,115.0999984741211
2024-03-08,115.12000274658205
2024-03-11,114.5
2024-03-12,115.44000244140624
2024-03-13,115.4000015258789
2024-03-14,115.45999908447266
2024-03-15,114.8000030517578
2024-03-18,115.68000030517578
2024-03-19,115.83999633789062
2024-03-20,116.12000274658205
2024-03-21,117.73999786376952
2024-03-22,117.62000274658205
2024-03-25,117.31999969482422
2024-03-26,117.55999755859376
2024-03-27,117.4800033569336
2024-03-28,118.27999877929688
2024-04-02,117.45999908447266
2024-04-03,117.54000091552734
2024-04-04,117.6999969482422
2024-04-05,116.87999725341795
2024-04-08,117.08000183105467
2024-04-09,116.5999984741211
2024-04-10,117.04000091552734
2024-04-11,117.31999969482422
2024-04-12,117.72000122070312
2024-04-15,117.41999816894533
2024-04-16,115.5999984741211
2024-04-17,114.91999816894533
2024-04-18,115.26000213623048
2024-04-19,114.27999877929688
2024-04-22,114.54000091552734
2024-04-23,115.73999786376952
2024-04-24,115.77999877929688
2024-04-25,114.4800033569336
2024-04-26,116.44000244140624
2024-04-29,116.58000183105467
2024-04-30,116.23999786376952
2024-05-02,115.68000030517578
2024-05-03,116.62000274658205
2024-05-06,117.41999816894533
2024-05-07,118.08000183105467
2024-05-08,118.08000183105467
2024-05-09,118.26000213623048
2024-05-10,118.63999938964844
2024-05-13,118.5999984741211
2024-05-14,118.5199966430664
2024-05-15,119.37999725341795
2024-05-16,119.8000030517578
2024-05-17,119.55999755859376
2024-05-20,120.18000030517578
2024-05-21,119.81999969482422
2024-05-22,119.87999725341795
2024-05-23,119.9000015258789
2024-05-24,119.4000015258789
2024-05-27,119.6999969482422
2024-05-28,119.22000122070312
2024-05-29,118.68000030517578
2024-05-30,118.26000213623048
2024-05-31,117.5199966430664
2024-06-03,118.41999816894533
2024-06-04,117.95999908447266
2024-06-05,119.4800033569336
2024-06-06,119.91999816894533
2024-06-07,120.45999908447266
2024-06-10,120.9800033569336
2024-06-11,120.73999786376952
2024-06-12,121.37999725341795
2024-06-13,121.31999969482422
2024-06-14,121.68000030517578
2024-06-17,121.73999786376952
2024-06-18,122.41999816894533
2024-06-19,122.62000274658205
2024-06-20,123.05999755859376
2024-06-21,122.6999969482422
2024-06-24,122.87999725341795
2024-06-25,122.72000122070312
2024-06-26,122.76000213623048
2024-06-27,122.68000030517578
2024-06-28,123.18000030517578
2024-07-01,122.5199966430664
2024-07-02,122.72000122070312
2024-07-03,123.12000274658205
2024-07-04,123.45999908447266
2024-07-05,123.41999816894533
2024-07-08,123.68000030517578
2024-07-09,123.86000061035156
2024-07-10,124.41999816894533
2024-07-11,124.23999786376952
2024-07-12,124.83999633789062
2024-07-15,124.76000213623048
2024-07-16,124.87999725341795
2024-07-17,123.58000183105467
2024-07-18,122.95999908447266
2024-07-19,122.0999984741211
2024-07-22,122.62000274658205
2024-07-23,123.72000122070312
2024-07-24,121.6999969482422
2024-07-25,121.08000183105467
2024-07-26,121.33999633789062
2024-07-29,121.54000091552734
2024-07-30,121.5999984741211
2024-07-31,123.5
2024-08-01,122.23999786376952
2024-08-02,117.5199966430664
2024-08-05,114.8000030517578
2024-08-06,115.66000366210938
2024-08-07,117.5
2024-08-08,117.66000366210938
2024-08-09,118.04000091552734
2024-08-12,118.3000030517578
2024-08-13,119.31999969482422
2024-08-14,119.54000091552734
2024-08-15,121.62000274658205
2024-08-16,121.73999786376952
2024-08-19,122.0999984741211
2024-08-20,121.6999969482422
2024-08-21,121.91999816894533
2024-08-22,122.0
2024-08-23,122.0999984741211
2024-08-26,121.91999816894533
2024-08-27,122.0
2024-08-28,122.04000091552734
2024-08-29,123.41999816894533
2024-08-30,123.0199966430664
2024-09-02,123.66000366210938
2024-09-03,122.4800033569336
2024-09-04,121.16000366210938
2024-09-05,120.41999816894533
2024-09-06,118.83999633789062
2024-09-09,120.18000030517578
2024-09-10,120.3000030517578
2024-09-11,119.8000030517578
2024-09-12,121.86000061035156
2024-09-13,122.6999969482422
2024-09-16,122.13999938964844
2024-09-17,122.91999816894533
2024-09-18,122.31999969482422
2024-09-19,124.05999755859376
2024-09-20,123.27999877929688
2024-09-23,124.18000030517578
2024-09-24,124.45999908447266
2024-09-25,124.4800033569336
2024-09-26,125.1999969482422
2024-09-27,125.55999755859376
2024-09-30,125.1999969482422
2024-10-01,125.4800033569336
2024-10-02,126.1999969482422
2024-10-03,125.83999633789062
2024-10-04,126.5999984741211
2024-10-07,127.04000091552734
2024-10-08,126.73999786376952
2024-10-09,127.5199966430664
2024-10-10,127.73999786376952
2024-10-11,128.1999969482422
2024-10-14,129.0800018310547
2024-10-15,128.6199951171875
2024-10-16,128.72000122070312
2024-10-17,129.74000549316406
2024-10-18,129.66000366210938
2024-10-21,129.0800018310547
2024-10-22,129.24000549316406
2024-10-23,128.86000061035156
2024-10-24,128.5800018310547
2024-10-25,129.02000427246094
2024-10-28,128.97999572753906
2024-10-29,129.05999755859375
2024-10-30,128.25999450683594
2024-10-31,126.22000122070312
2024-11-01,127.23999786376952
2024-11-04,126.3000030517578
2024-11-05,126.9800033569336
2024-11-06,130.4199981689453
2024-11-07,131.3800048828125
2024-11-08,131.97999572753906
2024-11-11,133.25999450683594
2024-11-12,132.63999938964844
2024-11-13,133.0399932861328
2024-11-14,132.94000244140625
2024-11-15,131.36000061035156
2024-11-18,131.86000061035156
2024-11-19,131.75999450683594
2024-11-20,131.8000030517578
2024-11-21,133.27999877929688
2024-11-22,134.82000732421875
2024-11-25,134.4600067138672
2024-11-26,134.55999755859375
2024-11-27,133.47999572753906
2024-11-28,134.02000427246094
2024-11-29,134.55999755859375
2024-12-02,135.75999450683594
2024-12-03,135.63999938964844
2024-12-04,136.05999755859375
2024-12-05,135.9600067138672
2024-12-06,136.0399932861328
2024-12-09,135.94000244140625
2024-12-10,136.0
2024-12-11,136.6999969482422
2024-12-12,136.4199981689453
2024-12-13,135.77999877929688
2024-12-16,135.9600067138672
2024-12-17,135.5
2024-12-18,135.77999877929688
2024-12-19,133.83999633789062
2024-12-20,134.05999755859375
2024-12-23,133.75999450683594
2024-12-27,134.36000061035156
2024-12-30,133.22000122070312
2025-01-02,135.47999572753906
2025-01-03,135.24000549316406
2025-01-06,135.8800048828125
2025-01-07,134.9199981689453
2025-01-08,135.0
2025-01-09,135.05999755859375
2025-01-10,133.72000122070312
2025-01-13,133.5399932861328
2025-01-14,133.32000732421875
2025-01-15,135.3800048828125
2025-01-16,135.8000030517578
2025-01-17,137.02000427246094
2025-01-20,136.4199981689453
2025-01-21,136.47999572753906
2025-01-22,137.47999572753906
2025-01-23,137.6199951171875
2025-01-24,137.13999938964844
2025-01-27,134.8800048828125
2025-01-28,136.5
2025-01-29,137.13999938964844
2025-01-30,137.63999938964844
2025-01-31,138.86000061035156
2025-02-03,137.77999877929688
2025-02-04,137.83999633789062
2025-02-05,137.3800048828125
2025-02-06,138.86000061035156
2025-02-07,138.66000366210938
2025-02-10,139.55999755859375
2025-02-11,139.16000366210938
2025-02-12,138.3000030517578
2025-02-13,138.9199981689453
2025-02-14,138.6999969482422
2025-02-17,139.44000244140625
2025-02-18,139.5800018310547
2025-02-19,140.0
2025-02-20,138.72000122070312
2025-02-21,138.97999572753906
2025-02-24,137.3800048828125
2025-02-25,135.4199981689453
2025-02-26,137.22000122070312
2025-02-27,137.39999389648438
2025-02-28,135.82000732421875
2025-03-03,136.10000610351562
2025-03-04,131.89999389648438
2025-03-05,130.3000030517578
2025-03-06,130.52000427246094
2025-03-07,128.39999389648438
2025-03-10,127.37999725341795
2025-03-11,125.05999755859376
2025-03-12,126.4000015258789
2025-03-13,125.5999984741211
2025-03-14,127.08000183105467
2025-03-17,127.6999969482422
2025-03-18,127.1999969482422
2025-03-19,128.4600067138672
2025-03-20,128.74000549316406
2025-03-21,128.3800048828125
2025-03-24,130.4600067138672
2025-03-25,130.60000610351562
2025-03-26,130.02000427246094
2025-03-27,129.63999938964844
2025-03-28,126.9000015258789
2025-03-31,126.08000183105467
2025-04-01,127.5199966430664
2025-04-02,127.3000030517578
2025-04-03,121.3000030517578
2025-04-04,115.8000030517578
2025-04-07,112.5199966430664
2025-04-08,115.94000244140624
2025-04-09,110.5
2025-04-10,114.77999877929688
2025-04-11,113.91999816894533
2025-04-14,117.0999984741211
2025-04-15,118.3000030517578
2025-04-16,116.9000015258789
2025-04-17,115.81999969482422
2025-04-22,115.08000183105467
2025-04-23,118.41999816894533
2025-04-24,119.41999816894533
2025-04-25,119.8000030517578
2025-04-28,120.13999938964844
2025-04-29,120.6999969482422
2025-04-30,121.13999938964844
2025-05-02,124.13999938964844
2025-05-05,124.44000244140624
2025-05-06,123.77999877929688
2025-05-07,123.13999938964844
2025-05-08,125.0
2025-05-09,124.94000244140624
2025-05-12,129.0399932861328
2025-05-13,129.72000122070312
2025-05-14,129.4600067138672
2025-05-15,129.9199981689453
2025-05-16,130.6999969482422
2025-05-19,130.0800018310547
2025-05-20,130.24000549316406
2025-05-21,129.32000732421875
2025-05-22,128.4199981689453
2025-05-23,127.13999938964844
2025-05-26,128.17999267578125
2025-05-27,129.0800018310547
2025-05-28,129.17999267578125
2025-05-29,128.60000610351562
2025-05-30,128.47999572753906
2025-06-02,127.95999908447266
2025-06-03,129.44000244140625
2025-06-04,129.5800018310547
2025-06-05,129.67999267578125
2025-06-06,130.17999267578125
2025-06-09,130.27999877929688
2025-06-10,130.3000030517578
2025-06-11,130.36000061035156
2025-06-12,129.17999267578125
2025-06-13,128.5800018310547
2025-06-16,129.1999969482422
2025-06-17,128.86000061035156
2025-06-18,128.75999450683594
2025-06-19,127.62000274658205
2025-06-20,128.0399932861328
2025-06-23,127.76000213623048
2025-06-24,129.16000366210938
2025-06-25,129.0800018310547
2025-06-26,129.16000366210938
2025-06-27,130.10000610351562
2025-06-30,129.77999877929688
2025-07-01,129.5800018310547
2025-07-02,129.9199981689453
2025-07-03,131.22000122070312
2025-07-04,130.27999877929688
2025-07-07,130.6999969482422
2025-07-08,130.74000549316406
2025-07-09,131.10000610351562
2025-07-10,132.0
2025-07-11,131.27999877929688
2025-07-14,131.44000244140625
2025-07-15,132.24000549316406
2025-07-16,130.39999389648438
2025-07-17,133.0399932861328
2025-07-18,132.5800018310547
2025-07-21,132.74000549316406
2025-07-22,131.8800048828125
2025-07-23,133.05999755859375
2025-07-24,133.25999450683594
2025-07-25,133.39999389648438
2025-07-28,134.5399932861328
2025-07-29,135.0800018310547
2025-07-30,135.6999969482422
2025-07-31,135.89999389648438
2025-08-01,132.0399932861328
2025-08-04,133.44000244140625
2025-08-05,133.22000122070312
2025-08-06,133.4600067138672
2025-08-07,133.89999389648438
2025-08-08,134.1999969482422
2025-08-11,135.0399932861328
2025-08-12,135.02000427246094
2025-08-13,135.3000030517578
2025-08-14,135.9199981689453
2025-08-15,135.47999572753906
2025-08-18,135.8000030517578
2025-08-19,135.82000732421875
2025-08-20,135.0800018310547
2025-08-21,135.5399932861328
2025-08-22,136.39999389648438
2025-08-25,136.24000549316406
2025-08-26,135.97999572753906
2025-08-27,136.82000732421875
2025-08-28,136.5399932861328
2025-08-29,135.47999572753906
2025-09-01,135.8800048828125
2025-09-02,134.39999389648438
2025-09-03,135.3000030517578
2025-09-04,136.27999877929688
2025-09-05,135.55999755859375
2025-09-08,136.44000244140625
2025-09-09,136.5800018310547
2025-09-10,137.3800048828125
2025-09-11,138.3000030517578
2025-09-12,138.33999633789062
2025-09-15,138.5800018310547
2025-09-16,137.5399932861328
2025-09-17,137.63999938964844
2025-09-18,138.9600067138672
2025-09-19,139.0399932861328
2025-09-22,139.27999877929688
2025-09-23,139.52000427246094
2025-09-24,139.33999633789062
2025-09-25,139.13999938964844
2025-09-26,139.05999755859375
2025-09-29,139.60000610351562
2025-09-30,139.4600067138672
2025-10-01,140.5
2025-10-02,141.05999755859375
2025-10-03,141.66000366210938
2025-10-06,142.0
2025-10-08,143.16000366210938
2025-10-09,143.16000366210938
2025-10-10,140.1199951171875
2025-10-13,141.44000244140625
2025-10-14,140.83999633789062
2025-10-15,141.67999267578125
2025-10-16,141.74000549316406
2025-10-17,140.10000610351562
2025-10-20,142.66000366210938
2025-10-21,143.1199951171875
2025-10-22,142.3800048828125
2025-10-23,143.0
2025-10-24,144.10000610351562
2025-10-27,145.0399932861328
2025-10-28,145.22000122070312
2025-10-29,145.60000610351562
2025-10-30,145.66000366210938
2025-10-31,145.5399932861328
2025-11-03,145.77999877929688
2025-11-04,145.25999450683594
2025-11-05,145.4600067138672
2025-11-06,143.36000061035156
2025-11-07,141.5399932861328
2025-11-10,144.5399932861328
2025-11-11,145.02000427246094
2025-11-12,145.74000549316406
2025-11-13,143.82000732421875
2025-11-14,143.67999267578125
2025-11-17,143.02000427246094
2025-11-18,141.17999267578125
2025-11-19,141.3800048828125
2025-11-20,142.22000122070312
2025-11-21,140.8000030517578
2025-11-24,142.4600067138672
2025-11-25,142.8000030517578
2025-11-26,144.4199981689453
2025-11-27,144.25999450683594
2025-11-28,144.83999633789062
2025-12-01,144.3000030517578
2025-12-02,144.25999450683594
2025-12-03,144.17999267578125
2025-12-04,144.5399932861328
2025-12-05,145.16000366210938
2025-12-08,144.89999389648438
2025-12-09,144.97999572753906
2025-12-10,144.72000122070312
2025-12-11,144.0800018310547
2025-12-12,143.17999267578125
2025-12-15,143.4600067138672
2025-12-16,142.44000244140625
2025-12-17,141.8000030517578
2025-12-18,143.52000427246094
2025-12-19,144.17999267578125
2025-12-22,144.39999389648438
2025-12-23,144.6999969482422
2025-12-29,144.97999572753906
2025-12-30,145.4199981689453
2026-01-02,145.13999938964844
2026-01-05,147.0800018310547
2026-01-06,147.6999969482422
2026-01-07,148.0
2026-01-08,147.72000122070312
2026-01-09,148.89999389648438
2026-01-12,149.0
2026-01-13,149.25999450683594
2026-01-14,148.39999389648438
2026-01-15,150.24000549316406
2026-01-16,149.89999389648438
2026-01-19,148.0399932861328
2026-01-20,146.66000366210938
2026-01-22,147.97999572753906
2026-01-23,147.72000122070312
2026-01-26,147.24000549316406
2026-01-27,147.16000366210938
2026-01-28,147.3800048828125
2026-01-29,146.13999938964844
2026-01-30,147.22000122070312
2026-02-02,148.5399932861328
2026-02-03,148.10000610351562
2026-02-04,147.75999450683594
2026-02-05,146.5
2026-02-06,147.82000732421875
2026-02-09,148.5399932861328
2026-02-10,148.89999389648438
2026-02-11,149.0800018310547
2026-02-12,147.83999633789062
2026-02-13,147.6999969482422
2026-02-16,147.5399932861328
2026-02-17,147.82000732421875
2026-02-18,149.5
